0x00, 0x27b1d0839a5b23baf12a8d195b18ac288fcf401afb2f70b8a4b529ede5fa9fed
0x01, 0x21dbfd1d029bf447152fcf89e355c334610d1632436ba170f738107266a71550
0x02, 0x0bcd1f91cf7bdd471d0a30c58c4706f3fdab3807a954b8f5b5e3bfec87d001bb
0x03, 0x06e62084ee7b602fe9abc15632dda3269f56fb0c6e12519a2eb2ec897091919d
0x04, 0x03c9e2e67178ac638746f068907e6677b4cc7a9592ef234ab6ab518f17efffa0
0x05, 0x15d28cad4c0736decea8997cb324cf0a0e0602f4d74472cd977bce2c8dd9923f
0x06, 0x268ed1e1c94c3a45a14db4108bc306613a1c23fab68e0466a002dfb0a3f8d2ab
0x07, 0x0cd8d5695bc2dde99dd531671f76f1482f14ddba8eeca7cb9686d4a62359c257
0x08, 0x047fbb7eb974155702149e58ea6ad91f4c6e953e693db35e953e250d8ceac9a9
0x09, 0xc5ae2526e665e2c7c698c11a06098b7159f720606d50e7660deb55758b0b02
0x0a, 0x2ced19489ab456b8b6c424594cdbbae59c36dfdd4c4621c4032da2d8a9674be5
0x0b, 0x1df5a245ffc1da14b46fe56a605f2a47b1cff1592bab4f66cfe5dfe990af6ab5
0x0c, 0x2871d090615d14eadb52228c635c90e0adf31176f0814f6525c23e7d7b318c93
0x0d, 0x1a2b85ff013d4b2b25074297c7e44aa61f4836d0862b36db2e6ce2b5542f9ea9
0x0e, 0x177b9a10bbee32f77c719c6f8d071a18476cbeb021e155c642bbf93c716ce943
0x0f, 0x1864fcdaa80ff2719154fa7c8a9050662972707168d69eac9db6fd3110829f80
0x10, 0x0449402b5cc20eaf04957644dffdedd1730a57f0b7376608960d94e042bc81e1
0x11, 0x0d770ffa41c6e8cb12655d4a72f07e3e04b16f2bea77702df0e3beecc20a4080
0x12, 0x1606043ee77c1d5d244a8e5673e2b1b817640825e4537b616590fe37d96c9e0b
0x13, 0x1b49e706af69da35927cdf2b28b02fb2647245ac0ccbc376d062031185d3cd84
0x14, 0x0e552adb9653cccc2009a6da1b243c197cae2daab8fc3437a7e102dac602cfa5
0x15, 0x26b71fdcbf7f39915c4a700adae1ba17b5f9241c35b308c2d6c6f8dd79f2f778
0x16, 0x0cb4b5f3573845b37bb9fd1e98cd364f44cb78ea0d4745f35da6ff1f2902367b
0x17, 0x303523283aa402d3a3bbdaf8921e5f24d60e9f314f7c7725f11b4b235e5ef6cf
0x18, 0x07385c7f964db88a5a291ed89e06e20224eb35c05d8e2ebbce546da98aaa299e
0x19, 0x016cd9cea8395d30d3840c1f38387564760a275d504716f13a46a5d3508ebbb3
0x1a, 0x1e93c46f02c904c87e231df00a447c7150287f5c7ac4be09810bcfe1528c72e7
0x1b, 0x2c90d2ed1cc895515adfddc2c00260c7be01b4bb41249f1bc83bb8e7598bef7b
0x1c, 0x09cbd0dda37ac05bc5134c1da7d537db6bfa8553e0e344f9dc23647956d63df1
0x1d, 0x1afb11871cf18149a0e62d57525c03f905c7bca6c0e1dae4b226ea164d198b6a
0x1e, 0x825ca56349b23727e91399761bff246cd651d9d4190b6304b42df26d8c8a42
0x1f, 0x16642d9ccd8346c403aa4c3fa451178b22534a27035cdaa6ec34ae53b29c50cb